,bedrooms,Z_test_LIN_lt5c,Z_test_RF_lt5c,Z_test_GB_lt5c,Z_test_LIN_t07,Z_test_RF_t07,Z_test_GB_t07
0,0.0,0.3726871971827224,0.3170244350691776,0.2728312273547467,0.36680102586195834,0.09276624868853049,0.09630385407656031
1,1.0,0.37148240753931344,0.32211754214828464,0.2860406863604829,0.3408808382091596,0.11337897242462715,0.11872789060730582
2,2.0,0.2984295577806392,0.2785214900675006,0.26246958044575835,0.3089291345819916,0.08980207086932329,0.09141060357197409
3,3.0,0.28202150813245047,0.2682706960467615,0.25228619833493243,0.2847073520142904,0.07434120984824151,0.07455698402885998
4,4.0,0.1975142441632816,0.2244599896407493,0.2201365892806485,0.2566461764238559,0.07243145857146273,0.07002125366504425
5,5.0,0.210116141355369,0.1783533409919854,0.2349082252734808,0.1257951697620739,0.07020033670033674,0.07095398671725602
6,6.0,,,,0.07265783238901463,0.09120740740740732,0.07535104133977244
7,7.0,,,,4.4671055844271335,0.0,0.13068893920553587
