,bed_type,Z_test_LIN_lt5c,Z_test_RF_lt5c,Z_test_GB_lt5c,Z_test_LIN_t07,Z_test_RF_t07,Z_test_GB_t07
0,0.0,0.361681739672955,0.4252540044759946,0.3516696747614152,0.33714821234266606,0.032792022172081235,0.03752900330413166
1,1.0,0.34834890160742255,0.3053380886370919,0.2752267571834996,0.3326429216475281,0.1042094898187893,0.10817121578862407
